{
    "autotrace": {
        "20200219.65": {
            "#_of_bugs": 18,
            "true_alarms": 18,
            "false_alarms": 27,
            "trace_num": 178,
            "trace_avg_len": 8.792134831460674,
            "trace_avg": 3.9555555555555557,
            "trace_sdev": 4.633000254481397
        }
    },
    "gimp": {
        "2.6.7": {
            "#_of_bugs": 3,
            "true_alarms": 3,
            "false_alarms": 0,
            "trace_num": 27,
            "trace_avg_len": 9.444444444444445,
            "trace_avg": 9.0,
            "trace_sdev": 0.0
        }
    },
    "libxcursor": {
        "1.1.14": {
            "#_of_bugs": 1,
            "true_alarms": 1,
            "false_alarms": 14,
            "trace_num": 510,
            "trace_avg_len": 16.470588235294116,
            "trace_avg": 34.0,
            "trace_sdev": 20.53290042833696
        }
    },
    "shntool": {
        "3.0.5": {
            "#_of_bugs": 6,
            "true_alarms": 4,
            "false_alarms": 3,
            "trace_num": 150,
            "trace_avg_len": 12.153333333333334,
            "trace_avg": 21.428571428571427,
            "trace_sdev": 18.806208267158883
        }
    },
    "sam2p": {
        "0.49.4": {
            "#_of_bugs": 15,
            "true_alarms": 15,
            "false_alarms": 55,
            "trace_num": 821,
            "trace_avg_len": 15.864799025578563,
            "trace_avg": 11.728571428571428,
            "trace_sdev": 14.20253642193276
        }
    },
    "optipng": {
        "0.5.3": {
            "#_of_bugs": 1,
            "true_alarms": 1,
            "false_alarms": 14,
            "trace_num": 190,
            "trace_avg_len": 11.994736842105263,
            "trace_avg": 12.666666666666666,
            "trace_sdev": 16.11486546294721
        }
    },
    "gocr": {
        "0.40": {
            "#_of_bugs": 2,
            "true_alarms": 1,
            "false_alarms": 10,
            "trace_num": 256,
            "trace_avg_len": 10.640625,
            "trace_avg": 23.272727272727273,
            "trace_sdev": 13.811002919878504
        }
    },
    "latex2rtf": {
        "2.1.1": {
            "#_of_bugs": 1,
            "true_alarms": 1,
            "false_alarms": 0,
            "trace_num": 24,
            "trace_avg_len": 17.666666666666668,
            "trace_avg": 24.0,
            "trace_sdev": 0.0
        }
    },
    "urjtag": {
        "0.8": {
            "#_of_bugs": 6,
            "true_alarms": 6,
            "false_alarms": 10,
            "trace_num": 670,
            "trace_avg_len": 22.86417910447761,
            "trace_avg": 41.875,
            "trace_sdev": 15.850374601251543
        }
    },
    "mp3rename": {
        "0.6": {
            "#_of_bugs": 3,
            "true_alarms": 3,
            "false_alarms": 76,
            "trace_num": 417,
            "trace_avg_len": 5.215827338129497,
            "trace_avg": 5.2784810126582276,
            "trace_sdev": 5.882685834666533
        }
    },
    "librelp": {
        "1.2.14": {
            "#_of_bugs": 1,
            "true_alarms": 0,
            "false_alarms": 0,
            "trace_num": 0,
            "trace_avg_len": 0,
            "trace_avg": 0,
            "trace_sdev": 0
        }
    },
    "unzip": {
        "6.0": {
            "#_of_bugs": 2,
            "true_alarms": 0,
            "false_alarms": 9,
            "trace_num": 25,
            "trace_avg_len": 4.52,
            "trace_avg": 2.7777777777777777,
            "trace_sdev": 2.298684540619689
        }
    },
    "zsh": {
        "5.4.2": {
            "#_of_bugs": 2,
            "true_alarms": 2,
            "false_alarms": 18,
            "trace_num": 82,
            "trace_avg_len": 15.487804878048781,
            "trace_avg": 4.1,
            "trace_sdev": 6.533758489567854
        }
    },
    "leptonica": {
        "1.75.2": {
            "#_of_bugs": 2,
            "true_alarms": 0,
            "false_alarms": 144,
            "trace_num": 702,
            "trace_avg_len": 17.81054131054131,
            "trace_avg": 4.875,
            "trace_sdev": 8.29229478357938
        }
    },
    "libming": {
        "0.4.8": {
            "#_of_bugs": 2,
            "true_alarms": 0,
            "false_alarms": 78,
            "trace_num": 161,
            "trace_avg_len": 9.354037267080745,
            "trace_avg": 2.0641025641025643,
            "trace_sdev": 1.0900452071282052
        }
    },
    "firejail": {
        "0.9.62": {
            "#_of_bugs": 1,
            "true_alarms": 1,
            "false_alarms": 20,
            "trace_num": 59,
            "trace_avg_len": 15.779661016949152,
            "trace_avg": 2.8095238095238093,
            "trace_sdev": 1.8674925286788167
        }
    },
    "picocom": {
        "2.0a": {
            "#_of_bugs": 3,
            "true_alarms": 2,
            "false_alarms": 0,
            "trace_num": 24,
            "trace_avg_len": 6.708333333333333,
            "trace_avg": 12.0,
            "trace_sdev": 5.0
        }
    },
    "amanda": {
        "3.3.1": {
            "#_of_bugs": 1,
            "true_alarms": 1,
            "false_alarms": 0,
            "trace_num": 4,
            "trace_avg_len": 3.0,
            "trace_avg": 4.0,
            "trace_sdev": 0.0
        }
    },
    "schismtracker": {
        "20190722": {
            "#_of_bugs": 1,
            "true_alarms": 1,
            "false_alarms": 93,
            "trace_num": 369,
            "trace_avg_len": 9.826558265582657,
            "trace_avg": 3.925531914893617,
            "trace_sdev": 8.063892943108659
        }
    },
    "gdk-pixbuf": {
        "2.36.11": {
            "#_of_bugs": 1,
            "true_alarms": 1,
            "false_alarms": 1,
            "trace_num": 22,
            "trace_avg_len": 12.636363636363637,
            "trace_avg": 11.0,
            "trace_sdev": 0.0
        }
    }
}